transaction_id,transaction_timestamp,customer_id,customer_first_name,customer_last_name,customer_email,product_id,product_sku,product_category,quantity,unit_price,discount_rate,payment_method,order_status
TXN-10045,2023-01-05 03:04:00,1045,Jennifer,Thomas,jennifer.thomas@yahoo.com,203,OFF-DESK-001,Furniture,5,350.0,0.0,stripe,refunded
TXN-10136,2023-01-05 18:55:00,1044,Robert,Gonzalez,robert.gonzalez@gmail.com,201,TECH-LAP-001,Electronics,5,1200.0,0.2,bank_transfer,completed
TXN-10089,2023-01-06 16:12:00,1006,Michael,Jackson,michael.jackson@hotmail.com,204,OFF-CHAI-002,Furniture,4,150.0,0.1,paypal,pending
TXN-10143,2023-01-08 08:34:00,1008,William,Jones,william.jones@gmail.com,208,HOME-PLA-002,Home & Garden,3,35.0,0.2,stripe,refunded
TXN-10154,2023-01-08 11:50:00,1016,Thomas,Rodriguez,thomas.rodriguez@gmail.com,206,APP-JEA-002,Apparel,1,60.0,0.0,stripe,completed
TXN-10208,2023-01-10 08:13:00,1010,David,Hernandez,david.hernandez@hotmail.com,207,HOME-MUG-001,Home & Garden,1,12.0,0.0,paypal,completed
TXN-10178,2023-01-10 14:58:00,1005,Jennifer,Thomas,jennifer.thomas@yahoo.com,206,APP-JEA-002,Apparel,5,60.0,0.1,bank_transfer,pending
TXN-10051,2023-01-13 21:12:00,1026,Michael,Jackson,michael.jackson@hotmail.com,206,APP-JEA-002,Apparel,3,60.0,0.0,stripe,completed
TXN-10081,2023-01-14 09:36:00,1044,Robert,Gonzalez,robert.gonzalez@gmail.com,207,HOME-MUG-001,Home & Garden,4,12.0,0.2,paypal,completed
TXN-10050,2023-01-20 15:14:00,1013,Susan,Martin,susan.martin@yahoo.com,208,HOME-PLA-002,Home & Garden,3,35.0,0.0,paypal,completed
TXN-10078,2023-01-21 00:15:00,1013,Susan,Martin,susan.martin@yahoo.com,201,TECH-LAP-001,Electronics,5,1200.0,0.0,paypal,completed
TXN-10217,2023-01-22 10:59:00,1020,James,Smith,james.smith@gmail.com,207,HOME-MUG-001,Home & Garden,5,12.0,0.1,stripe,completed
TXN-10241,2023-01-24 20:49:00,1037,Sarah,Lopez,sarah.lopez@yahoo.com,205,APP-TSH-001,Apparel,2,25.0,0.15,bank_transfer,refunded
TXN-10165,2023-01-27 09:38:00,1020,James,Smith,james.smith@gmail.com,206,APP-JEA-002,Apparel,1,60.0,0.15,paypal,completed
TXN-10027,2023-01-28 21:41:00,1042,John,Miller,john.miller@hotmail.com,202,TECH-MOU-002,Electronics,1,45.5,0.1,stripe,completed
TXN-10175,2023-01-29 00:13:00,1020,James,Smith,james.smith@gmail.com,204,OFF-CHAI-002,Furniture,2,150.0,0.0,stripe,completed
TXN-10033,2023-01-30 18:47:00,1035,Jessica,Garcia,jessica.garcia@example.com,201,TECH-LAP-001,Electronics,3,1200.0,0.0,credit_card,refunded
TXN-10216,2023-02-02 22:49:00,1030,David,Hernandez,david.hernandez@hotmail.com,201,TECH-LAP-001,Electronics,3,1200.0,0.0,credit_card,completed
TXN-10024,2023-02-04 01:55:00,1022,John,Miller,john.miller@hotmail.com,202,TECH-MOU-002,Electronics,5,45.5,0.0,stripe,pending
TXN-10035,2023-02-05 19:04:00,1044,Robert,Gonzalez,robert.gonzalez@gmail.com,204,OFF-CHAI-002,Furniture,4,150.0,0.0,paypal,refunded
TXN-10187,2023-02-07 09:29:00,1029,Elizabeth,Davis,elizabeth.davis@yahoo.com,201,TECH-LAP-001,Electronics,1,1200.0,0.0,stripe,completed
TXN-10007,2023-02-10 07:55:00,1007,Linda,Johnson,linda.johnson@example.com,207,HOME-MUG-001,Home & Garden,3,12.0,0.1,stripe,completed
TXN-10172,2023-02-11 08:28:00,1043,Patricia,Martinez,patricia.martinez@example.com,207,HOME-MUG-001,Home & Garden,4,12.0,0.15,bank_transfer,completed
TXN-10163,2023-02-16 02:05:00,1028,William,Jones,william.jones@gmail.com,202,TECH-MOU-002,Electronics,3,45.5,0.0,credit_card,refunded
TXN-10002,2023-02-17 06:14:00,1033,Susan,Martin,susan.martin@yahoo.com,201,TECH-LAP-001,Electronics,5,1200.0,0.0,bank_transfer,completed
TXN-10026,2023-02-18 03:42:00,1028,William,Jones,william.jones@gmail.com,206,APP-JEA-002,Apparel,4,60.0,0.1,bank_transfer,pending
TXN-10190,2023-02-22 10:45:00,1006,Michael,Jackson,michael.jackson@hotmail.com,203,OFF-DESK-001,Furniture,1,350.0,0.0,bank_transfer,completed
TXN-10001,2023-02-22 21:47:00,1035,Jessica,Garcia,jessica.garcia@example.com,202,TECH-MOU-002,Electronics,5,45.5,0.1,credit_card,completed
TXN-10017,2023-02-24 20:19:00,1041,Mary,Brown,mary.brown@yahoo.com,204,OFF-CHAI-002,Furniture,2,150.0,0.0,paypal,refunded
TXN-10105,2023-02-28 17:14:00,1042,John,Miller,john.miller@hotmail.com,203,OFF-DESK-001,Furniture,3,350.0,0.0,credit_card,completed
TXN-10176,2023-03-03 00:31:00,1048,William,Jones,william.jones@gmail.com,207,HOME-MUG-001,Home & Garden,2,12.0,0.0,bank_transfer,refunded
TXN-10093,2023-03-03 23:12:00,1021,Mary,Brown,mary.brown@yahoo.com,202,TECH-MOU-002,Electronics,5,45.5,0.2,paypal,completed
TXN-10209,2023-03-04 01:15:00,1027,Linda,Johnson,linda.johnson@example.com,208,HOME-PLA-002,Home & Garden,1,35.0,0.0,bank_transfer,refunded
TXN-10225,2023-03-06 02:15:00,1050,David,Hernandez,david.hernandez@hotmail.com,206,APP-JEA-002,Apparel,3,60.0,0.1,credit_card,refunded
TXN-10155,2023-03-06 23:26:00,1034,Joseph,Williams,joseph.williams@hotmail.com,202,TECH-MOU-002,Electronics,1,45.5,0.1,bank_transfer,completed
TXN-10147,2023-03-11 12:29:00,1024,Robert,Gonzalez,robert.gonzalez@gmail.com,207,HOME-MUG-001,Home & Garden,5,12.0,0.2,paypal,completed
TXN-10146,2023-03-13 01:02:00,1020,James,Smith,james.smith@gmail.com,208,HOME-PLA-002,Home & Garden,1,35.0,0.0,paypal,refunded
TXN-10125,2023-03-15 13:55:00,1042,John,Miller,john.miller@hotmail.com,203,OFF-DESK-001,Furniture,1,350.0,0.1,stripe,completed
TXN-10169,2023-03-15 18:42:00,1026,Michael,Jackson,michael.jackson@hotmail.com,202,TECH-MOU-002,Electronics,2,45.5,0.2,credit_card,completed
TXN-10153,2023-03-16 04:34:00,1017,Sarah,Lopez,sarah.lopez@yahoo.com,203,OFF-DESK-001,Furniture,1,350.0,0.2,credit_card,completed
TXN-10226,2023-03-20 21:28:00,1024,Robert,Gonzalez,robert.gonzalez@gmail.com,206,APP-JEA-002,Apparel,4,60.0,0.0,paypal,refunded
TXN-10048,2023-03-21 07:55:00,1011,Barbara,Wilson,barbara.wilson@example.com,203,OFF-DESK-001,Furniture,4,350.0,0.0,paypal,pending
TXN-10014,2023-03-23 21:27:00,1039,Karen,Moore,karen.moore@example.com,202,TECH-MOU-002,Electronics,4,45.5,0.1,bank_transfer,refunded
TXN-10237,2023-03-24 10:59:00,1046,Michael,Jackson,michael.jackson@hotmail.com,204,OFF-CHAI-002,Furniture,3,150.0,0.15,stripe,completed
TXN-10106,2023-03-26 09:38:00,1048,William,Jones,william.jones@gmail.com,205,APP-TSH-001,Apparel,4,25.0,0.0,bank_transfer,pending
TXN-10074,2023-03-26 14:58:00,1009,Elizabeth,Davis,elizabeth.davis@yahoo.com,201,TECH-LAP-001,Electronics,4,1200.0,0.15,credit_card,completed
TXN-10080,2023-03-27 19:38:00,1048,William,Jones,william.jones@gmail.com,202,TECH-MOU-002,Electronics,2,45.5,0.0,credit_card,refunded
TXN-10230,2023-03-30 22:28:00,1006,Michael,Jackson,michael.jackson@hotmail.com,206,APP-JEA-002,Apparel,3,60.0,0.2,credit_card,refunded
TXN-10168,2023-04-03 08:44:00,1049,Elizabeth,Davis,elizabeth.davis@yahoo.com,205,APP-TSH-001,Apparel,3,25.0,0.0,credit_card,completed
TXN-10110,2023-04-03 18:27:00,1041,Mary,Brown,mary.brown@yahoo.com,208,HOME-PLA-002,Home & Garden,1,35.0,0.1,stripe,completed
TXN-10088,2023-04-04 15:13:00,1023,Patricia,Martinez,patricia.martinez@example.com,205,APP-TSH-001,Apparel,3,25.0,0.0,stripe,refunded
TXN-10228,2023-04-06 15:33:00,1025,Jennifer,Thomas,jennifer.thomas@yahoo.com,202,TECH-MOU-002,Electronics,3,45.5,0.0,bank_transfer,completed
TXN-10114,2023-04-07 16:23:00,1040,James,Smith,james.smith@gmail.com,208,HOME-PLA-002,Home & Garden,4,35.0,0.0,paypal,completed
TXN-10119,2023-04-08 19:32:00,1048,William,Jones,william.jones@gmail.com,203,OFF-DESK-001,Furniture,1,350.0,0.0,bank_transfer,completed
TXN-10062,2023-04-12 04:01:00,1003,Patricia,Martinez,patricia.martinez@example.com,204,OFF-CHAI-002,Furniture,4,150.0,0.15,credit_card,completed
TXN-10184,2023-04-12 05:38:00,1010,David,Hernandez,david.hernandez@hotmail.com,202,TECH-MOU-002,Electronics,2,45.5,0.2,bank_transfer,completed
TXN-10232,2023-04-13 04:15:00,1032,Richard,Taylor,richard.taylor@gmail.com,201,TECH-LAP-001,Electronics,3,1200.0,0.15,stripe,completed
TXN-10140,2023-04-13 04:50:00,1035,Jessica,Garcia,jessica.garcia@example.com,206,APP-JEA-002,Apparel,5,60.0,0.15,stripe,completed
TXN-10037,2023-04-15 21:45:00,1021,Mary,Brown,mary.brown@yahoo.com,204,OFF-CHAI-002,Furniture,3,150.0,0.1,paypal,pending
TXN-10047,2023-04-18 21:15:00,1043,Patricia,Martinez,patricia.martinez@example.com,202,TECH-MOU-002,Electronics,3,45.5,0.15,bank_transfer,refunded
TXN-10076,2023-04-19 14:20:00,1022,John,Miller,john.miller@hotmail.com,207,HOME-MUG-001,Home & Garden,3,12.0,0.1,stripe,completed
TXN-10031,2023-04-20 12:57:00,1004,Robert,Gonzalez,robert.gonzalez@gmail.com,203,OFF-DESK-001,Furniture,4,350.0,0.0,bank_transfer,completed
TXN-10004,2023-04-21 10:06:00,1006,Michael,Jackson,michael.jackson@hotmail.com,207,HOME-MUG-001,Home & Garden,1,12.0,0.0,stripe,refunded
TXN-10094,2023-04-21 23:30:00,1018,Charles,Anderson,charles.anderson@hotmail.com,205,APP-TSH-001,Apparel,1,25.0,0.0,stripe,completed
TXN-10013,2023-04-23 04:32:00,1032,Richard,Taylor,richard.taylor@gmail.com,202,TECH-MOU-002,Electronics,1,45.5,0.0,paypal,pending
TXN-10073,2023-04-23 08:27:00,1032,Richard,Taylor,richard.taylor@gmail.com,201,TECH-LAP-001,Electronics,4,1200.0,0.0,bank_transfer,pending
TXN-10145,2023-04-24 20:04:00,1041,Mary,Brown,mary.brown@yahoo.com,208,HOME-PLA-002,Home & Garden,3,35.0,0.2,bank_transfer,completed
TXN-10206,2023-04-25 00:20:00,1007,Linda,Johnson,linda.johnson@example.com,206,APP-JEA-002,Apparel,2,60.0,0.0,credit_card,completed
TXN-10117,2023-04-26 03:29:00,1008,William,Jones,william.jones@gmail.com,203,OFF-DESK-001,Furniture,4,350.0,0.2,stripe,refunded
TXN-10197,2023-04-26 04:09:00,1005,Jennifer,Thomas,jennifer.thomas@yahoo.com,205,APP-TSH-001,Apparel,1,25.0,0.15,credit_card,pending
TXN-10142,2023-04-26 21:46:00,1044,Robert,Gonzalez,robert.gonzalez@gmail.com,207,HOME-MUG-001,Home & Garden,5,12.0,0.0,credit_card,completed
TXN-10010,2023-04-28 01:51:00,1021,Mary,Brown,mary.brown@yahoo.com,207,HOME-MUG-001,Home & Garden,3,12.0,0.0,paypal,refunded
TXN-10137,2023-04-28 19:51:00,1023,Patricia,Martinez,patricia.martinez@example.com,204,OFF-CHAI-002,Furniture,2,150.0,0.15,stripe,pending
TXN-10135,2023-05-02 12:36:00,1023,Patricia,Martinez,patricia.martinez@example.com,205,APP-TSH-001,Apparel,3,25.0,0.0,bank_transfer,completed
TXN-10019,2023-05-03 01:15:00,1037,Sarah,Lopez,sarah.lopez@yahoo.com,202,TECH-MOU-002,Electronics,1,45.5,0.2,bank_transfer,completed
TXN-10246,2023-05-04 14:07:00,1018,Charles,Anderson,charles.anderson@hotmail.com,208,HOME-PLA-002,Home & Garden,2,35.0,0.0,credit_card,completed
TXN-10009,2023-05-06 05:29:00,1025,Jennifer,Thomas,jennifer.thomas@yahoo.com,205,APP-TSH-001,Apparel,5,25.0,0.0,stripe,completed
TXN-10012,2023-05-07 23:35:00,1035,Jessica,Garcia,jessica.garcia@example.com,205,APP-TSH-001,Apparel,5,25.0,0.1,bank_transfer,completed
TXN-10099,2023-05-08 03:35:00,1049,Elizabeth,Davis,elizabeth.davis@yahoo.com,207,HOME-MUG-001,Home & Garden,5,12.0,0.15,paypal,refunded
TXN-10028,2023-05-08 06:12:00,1035,Jessica,Garcia,jessica.garcia@example.com,208,HOME-PLA-002,Home & Garden,2,35.0,0.1,paypal,completed
TXN-10238,2023-05-09 06:40:00,1036,Thomas,Rodriguez,thomas.rodriguez@gmail.com,205,APP-TSH-001,Apparel,2,25.0,0.2,stripe,refunded
TXN-10015,2023-05-09 17:55:00,1001,Mary,Brown,mary.brown@yahoo.com,202,TECH-MOU-002,Electronics,5,45.5,0.0,stripe,completed
TXN-10141,2023-05-12 15:51:00,1019,Karen,Moore,karen.moore@example.com,206,APP-JEA-002,Apparel,1,60.0,0.1,credit_card,completed
TXN-10005,2023-05-16 01:46:00,1030,David,Hernandez,david.hernandez@hotmail.com,202,TECH-MOU-002,Electronics,4,45.5,0.0,stripe,pending
TXN-10109,2023-05-18 18:02:00,1049,Elizabeth,Davis,elizabeth.davis@yahoo.com,203,OFF-DESK-001,Furniture,4,350.0,0.15,bank_transfer,completed
TXN-10173,2023-05-20 06:48:00,1033,Susan,Martin,susan.martin@yahoo.com,202,TECH-MOU-002,Electronics,3,45.5,0.1,credit_card,completed
TXN-10069,2023-05-20 10:20:00,1035,Jessica,Garcia,jessica.garcia@example.com,202,TECH-MOU-002,Electronics,2,45.5,0.0,paypal,completed
TXN-10159,2023-05-21 19:40:00,1038,Charles,Anderson,charles.anderson@hotmail.com,206,APP-JEA-002,Apparel,4,60.0,0.15,stripe,completed
TXN-10040,2023-05-26 05:28:00,1035,Jessica,Garcia,jessica.garcia@example.com,205,APP-TSH-001,Apparel,5,25.0,0.2,credit_card,pending
TXN-10133,2023-05-28 21:34:00,1011,Barbara,Wilson,barbara.wilson@example.com,202,TECH-MOU-002,Electronics,4,45.5,0.0,stripe,pending
TXN-10247,2023-05-29 12:55:00,1040,James,Smith,james.smith@gmail.com,207,HOME-MUG-001,Home & Garden,2,12.0,0.0,stripe,refunded
TXN-10096,2023-05-30 22:08:00,1041,Mary,Brown,mary.brown@yahoo.com,208,HOME-PLA-002,Home & Garden,1,35.0,0.0,stripe,completed
TXN-10130,2023-05-31 11:23:00,1028,William,Jones,william.jones@gmail.com,203,OFF-DESK-001,Furniture,2,350.0,0.15,bank_transfer,refunded
TXN-10016,2023-05-31 13:10:00,1030,David,Hernandez,david.hernandez@hotmail.com,201,TECH-LAP-001,Electronics,3,1200.0,0.15,paypal,refunded
TXN-10107,2023-06-05 22:25:00,1018,Charles,Anderson,charles.anderson@hotmail.com,208,HOME-PLA-002,Home & Garden,4,35.0,0.0,credit_card,completed
TXN-10194,2023-06-08 20:44:00,1043,Patricia,Martinez,patricia.martinez@example.com,207,HOME-MUG-001,Home & Garden,2,12.0,0.15,credit_card,completed
TXN-10248,2023-06-10 06:48:00,1011,Barbara,Wilson,barbara.wilson@example.com,208,HOME-PLA-002,Home & Garden,5,35.0,0.1,bank_transfer,completed
TXN-10011,2023-06-11 06:41:00,1032,Richard,Taylor,richard.taylor@gmail.com,207,HOME-MUG-001,Home & Garden,4,12.0,0.0,stripe,completed
TXN-10122,2023-06-14 06:44:00,1016,Thomas,Rodriguez,thomas.rodriguez@gmail.com,207,HOME-MUG-001,Home & Garden,2,12.0,0.1,credit_card,completed
TXN-10113,2023-06-15 03:49:00,1026,Michael,Jackson,michael.jackson@hotmail.com,201,TECH-LAP-001,Electronics,5,1200.0,0.1,bank_transfer,completed
TXN-10108,2023-06-15 19:16:00,1002,John,Miller,john.miller@hotmail.com,202,TECH-MOU-002,Electronics,2,45.5,0.2,credit_card,pending
TXN-10171,2023-06-16 18:38:00,1006,Michael,Jackson,michael.jackson@hotmail.com,201,TECH-LAP-001,Electronics,2,1200.0,0.0,credit_card,pending
TXN-10056,2023-06-19 19:20:00,1043,Patricia,Martinez,patricia.martinez@example.com,202,TECH-MOU-002,Electronics,3,45.5,0.15,stripe,pending
TXN-10044,2023-06-20 04:40:00,1017,Sarah,Lopez,sarah.lopez@yahoo.com,203,OFF-DESK-001,Furniture,4,350.0,0.15,bank_transfer,refunded
TXN-10182,2023-06-20 05:04:00,1033,Susan,Martin,susan.martin@yahoo.com,202,TECH-MOU-002,Electronics,5,45.5,0.15,paypal,completed
TXN-10111,2023-06-20 10:42:00,1007,Linda,Johnson,linda.johnson@example.com,203,OFF-DESK-001,Furniture,3,350.0,0.1,bank_transfer,completed
TXN-10049,2023-06-20 13:51:00,1043,Patricia,Martinez,patricia.martinez@example.com,204,OFF-CHAI-002,Furniture,3,150.0,0.0,credit_card,completed
TXN-10198,2023-06-22 19:08:00,1039,Karen,Moore,karen.moore@example.com,207,HOME-MUG-001,Home & Garden,2,12.0,0.0,paypal,pending
TXN-10215,2023-06-23 20:11:00,1050,David,Hernandez,david.hernandez@hotmail.com,208,HOME-PLA-002,Home & Garden,4,35.0,0.2,paypal,completed
TXN-10192,2023-06-23 21:38:00,1004,Robert,Gonzalez,robert.gonzalez@gmail.com,206,APP-JEA-002,Apparel,1,60.0,0.0,credit_card,refunded
TXN-10245,2023-06-26 12:08:00,1049,Elizabeth,Davis,elizabeth.davis@yahoo.com,206,APP-JEA-002,Apparel,5,60.0,0.15,credit_card,completed
TXN-10183,2023-06-29 23:52:00,1042,John,Miller,john.miller@hotmail.com,203,OFF-DESK-001,Furniture,2,350.0,0.0,paypal,completed
TXN-10212,2023-07-04 02:33:00,1035,Jessica,Garcia,jessica.garcia@example.com,201,TECH-LAP-001,Electronics,4,1200.0,0.1,credit_card,pending
TXN-10095,2023-07-04 05:19:00,1001,Mary,Brown,mary.brown@yahoo.com,203,OFF-DESK-001,Furniture,3,350.0,0.0,credit_card,refunded
TXN-10196,2023-07-05 00:23:00,1020,James,Smith,james.smith@gmail.com,203,OFF-DESK-001,Furniture,2,350.0,0.0,bank_transfer,completed
TXN-10227,2023-07-07 12:20:00,1042,John,Miller,john.miller@hotmail.com,205,APP-TSH-001,Apparel,2,25.0,0.0,credit_card,pending
TXN-10084,2023-07-09 02:32:00,1042,John,Miller,john.miller@hotmail.com,206,APP-JEA-002,Apparel,1,60.0,0.1,bank_transfer,completed
TXN-10008,2023-07-09 11:13:00,1043,Patricia,Martinez,patricia.martinez@example.com,205,APP-TSH-001,Apparel,1,25.0,0.15,paypal,refunded
TXN-10100,2023-07-14 14:58:00,1029,Elizabeth,Davis,elizabeth.davis@yahoo.com,205,APP-TSH-001,Apparel,5,25.0,0.1,stripe,refunded
TXN-10072,2023-07-14 15:00:00,1023,Patricia,Martinez,patricia.martinez@example.com,205,APP-TSH-001,Apparel,4,25.0,0.1,paypal,completed
TXN-10144,2023-07-15 20:23:00,1007,Linda,Johnson,linda.johnson@example.com,204,OFF-CHAI-002,Furniture,4,150.0,0.0,stripe,refunded
TXN-10213,2023-07-18 11:16:00,1048,William,Jones,william.jones@gmail.com,201,TECH-LAP-001,Electronics,3,1200.0,0.0,stripe,completed
TXN-10150,2023-07-23 08:12:00,1008,William,Jones,william.jones@gmail.com,208,HOME-PLA-002,Home & Garden,1,35.0,0.2,paypal,pending
TXN-10098,2023-07-25 15:04:00,1037,Sarah,Lopez,sarah.lopez@yahoo.com,201,TECH-LAP-001,Electronics,2,1200.0,0.0,stripe,completed
TXN-10243,2023-07-27 09:29:00,1005,Jennifer,Thomas,jennifer.thomas@yahoo.com,201,TECH-LAP-001,Electronics,2,1200.0,0.1,bank_transfer,completed
TXN-10091,2023-07-27 22:15:00,1020,James,Smith,james.smith@gmail.com,206,APP-JEA-002,Apparel,4,60.0,0.15,stripe,completed
TXN-10057,2023-07-29 10:25:00,1045,Jennifer,Thomas,jennifer.thomas@yahoo.com,205,APP-TSH-001,Apparel,5,25.0,0.0,paypal,completed
TXN-10103,2023-07-29 14:44:00,1039,Karen,Moore,karen.moore@example.com,208,HOME-PLA-002,Home & Garden,3,35.0,0.0,paypal,completed
TXN-10234,2023-07-30 13:52:00,1037,Sarah,Lopez,sarah.lopez@yahoo.com,202,TECH-MOU-002,Electronics,2,45.5,0.0,credit_card,completed
TXN-10205,2023-08-01 01:25:00,1033,Susan,Martin,susan.martin@yahoo.com,206,APP-JEA-002,Apparel,2,60.0,0.1,credit_card,completed
TXN-10063,2023-08-01 20:36:00,1013,Susan,Martin,susan.martin@yahoo.com,207,HOME-MUG-001,Home & Garden,4,12.0,0.1,paypal,completed
TXN-10134,2023-08-06 22:16:00,1030,David,Hernandez,david.hernandez@hotmail.com,205,APP-TSH-001,Apparel,2,25.0,0.1,bank_transfer,completed
TXN-10162,2023-08-07 10:42:00,1017,Sarah,Lopez,sarah.lopez@yahoo.com,206,APP-JEA-002,Apparel,2,60.0,0.2,bank_transfer,completed
TXN-10221,2023-08-09 19:52:00,1012,Richard,Taylor,richard.taylor@gmail.com,205,APP-TSH-001,Apparel,3,25.0,0.0,credit_card,completed
TXN-10085,2023-08-10 11:40:00,1030,David,Hernandez,david.hernandez@hotmail.com,203,OFF-DESK-001,Furniture,4,350.0,0.0,stripe,refunded
TXN-10236,2023-08-10 16:58:00,1004,Robert,Gonzalez,robert.gonzalez@gmail.com,202,TECH-MOU-002,Electronics,5,45.5,0.0,stripe,completed
TXN-10219,2023-08-12 12:47:00,1029,Elizabeth,Davis,elizabeth.davis@yahoo.com,207,HOME-MUG-001,Home & Garden,3,12.0,0.0,bank_transfer,pending
TXN-10060,2023-08-15 14:43:00,1014,Joseph,Williams,joseph.williams@hotmail.com,208,HOME-PLA-002,Home & Garden,2,35.0,0.2,credit_card,completed
TXN-10149,2023-08-16 14:15:00,1024,Robert,Gonzalez,robert.gonzalez@gmail.com,202,TECH-MOU-002,Electronics,3,45.5,0.15,stripe,completed
TXN-10223,2023-08-17 01:46:00,1023,Patricia,Martinez,patricia.martinez@example.com,207,HOME-MUG-001,Home & Garden,3,12.0,0.2,credit_card,completed
TXN-10067,2023-08-17 05:47:00,1031,Barbara,Wilson,barbara.wilson@example.com,208,HOME-PLA-002,Home & Garden,3,35.0,0.0,stripe,refunded
TXN-10121,2023-08-17 17:30:00,1023,Patricia,Martinez,patricia.martinez@example.com,206,APP-JEA-002,Apparel,5,60.0,0.15,bank_transfer,completed
TXN-10003,2023-08-18 18:17:00,1001,Mary,Brown,mary.brown@yahoo.com,203,OFF-DESK-001,Furniture,4,350.0,0.0,stripe,completed
TXN-10087,2023-08-19 07:48:00,1030,David,Hernandez,david.hernandez@hotmail.com,207,HOME-MUG-001,Home & Garden,3,12.0,0.0,bank_transfer,completed
TXN-10204,2023-08-19 16:09:00,1028,William,Jones,william.jones@gmail.com,202,TECH-MOU-002,Electronics,2,45.5,0.1,stripe,completed
TXN-10161,2023-08-20 07:26:00,1022,John,Miller,john.miller@hotmail.com,208,HOME-PLA-002,Home & Garden,4,35.0,0.1,credit_card,completed
TXN-10032,2023-08-21 09:27:00,1045,Jennifer,Thomas,jennifer.thomas@yahoo.com,208,HOME-PLA-002,Home & Garden,2,35.0,0.0,stripe,completed
TXN-10180,2023-08-24 22:58:00,1024,Robert,Gonzalez,robert.gonzalez@gmail.com,202,TECH-MOU-002,Electronics,4,45.5,0.0,paypal,completed
TXN-10029,2023-08-25 07:55:00,1005,Jennifer,Thomas,jennifer.thomas@yahoo.com,208,HOME-PLA-002,Home & Garden,5,35.0,0.0,credit_card,pending
TXN-10244,2023-08-26 06:21:00,1039,Karen,Moore,karen.moore@example.com,203,OFF-DESK-001,Furniture,3,350.0,0.2,stripe,pending
TXN-10071,2023-08-27 13:03:00,1014,Joseph,Williams,joseph.williams@hotmail.com,207,HOME-MUG-001,Home & Garden,4,12.0,0.15,credit_card,refunded
TXN-10235,2023-08-27 21:33:00,1023,Patricia,Martinez,patricia.martinez@example.com,203,OFF-DESK-001,Furniture,5,350.0,0.2,paypal,completed
TXN-10077,2023-08-29 00:47:00,1035,Jessica,Garcia,jessica.garcia@example.com,201,TECH-LAP-001,Electronics,3,1200.0,0.0,credit_card,pending
TXN-10201,2023-08-29 06:23:00,1044,Robert,Gonzalez,robert.gonzalez@gmail.com,208,HOME-PLA-002,Home & Garden,4,35.0,0.0,bank_transfer,refunded
TXN-10186,2023-08-29 14:40:00,1020,James,Smith,james.smith@gmail.com,205,APP-TSH-001,Apparel,5,25.0,0.0,stripe,refunded
TXN-10207,2023-08-30 22:53:00,1009,Elizabeth,Davis,elizabeth.davis@yahoo.com,208,HOME-PLA-002,Home & Garden,4,35.0,0.15,credit_card,completed
TXN-10079,2023-08-31 21:07:00,1037,Sarah,Lopez,sarah.lopez@yahoo.com,204,OFF-CHAI-002,Furniture,4,150.0,0.2,stripe,completed
TXN-10123,2023-08-31 22:58:00,1025,Jennifer,Thomas,jennifer.thomas@yahoo.com,207,HOME-MUG-001,Home & Garden,2,12.0,0.1,credit_card,completed
TXN-10090,2023-09-01 20:45:00,1032,Richard,Taylor,richard.taylor@gmail.com,208,HOME-PLA-002,Home & Garden,1,35.0,0.0,stripe,completed
TXN-10034,2023-09-02 16:58:00,1034,Joseph,Williams,joseph.williams@hotmail.com,203,OFF-DESK-001,Furniture,1,350.0,0.15,credit_card,completed
TXN-10097,2023-09-03 14:21:00,1012,Richard,Taylor,richard.taylor@gmail.com,201,TECH-LAP-001,Electronics,3,1200.0,0.1,credit_card,completed
TXN-10025,2023-09-06 06:34:00,1009,Elizabeth,Davis,elizabeth.davis@yahoo.com,208,HOME-PLA-002,Home & Garden,2,35.0,0.1,bank_transfer,completed
TXN-10068,2023-09-06 20:15:00,1018,Charles,Anderson,charles.anderson@hotmail.com,208,HOME-PLA-002,Home & Garden,1,35.0,0.2,stripe,completed
TXN-10043,2023-09-08 08:57:00,1004,Robert,Gonzalez,robert.gonzalez@gmail.com,202,TECH-MOU-002,Electronics,4,45.5,0.0,credit_card,completed
TXN-10249,2023-09-12 00:05:00,1026,Michael,Jackson,michael.jackson@hotmail.com,208,HOME-PLA-002,Home & Garden,2,35.0,0.0,stripe,completed
TXN-10220,2023-09-12 11:59:00,1034,Joseph,Williams,joseph.williams@hotmail.com,205,APP-TSH-001,Apparel,1,25.0,0.2,bank_transfer,completed
TXN-10124,2023-09-15 18:21:00,1007,Linda,Johnson,linda.johnson@example.com,208,HOME-PLA-002,Home & Garden,1,35.0,0.15,bank_transfer,completed
TXN-10160,2023-09-16 19:27:00,1007,Linda,Johnson,linda.johnson@example.com,202,TECH-MOU-002,Electronics,5,45.5,0.2,paypal,completed
TXN-10120,2023-09-17 08:52:00,1001,Mary,Brown,mary.brown@yahoo.com,205,APP-TSH-001,Apparel,3,25.0,0.15,bank_transfer,completed
TXN-10156,2023-09-20 18:06:00,1029,Elizabeth,Davis,elizabeth.davis@yahoo.com,204,OFF-CHAI-002,Furniture,5,150.0,0.0,stripe,completed
TXN-10061,2023-09-21 21:40:00,1040,James,Smith,james.smith@gmail.com,206,APP-JEA-002,Apparel,1,60.0,0.0,stripe,completed
TXN-10022,2023-09-22 14:07:00,1016,Thomas,Rodriguez,thomas.rodriguez@gmail.com,204,OFF-CHAI-002,Furniture,1,150.0,0.0,credit_card,refunded
TXN-10065,2023-09-23 14:03:00,1036,Thomas,Rodriguez,thomas.rodriguez@gmail.com,204,OFF-CHAI-002,Furniture,1,150.0,0.1,paypal,completed
TXN-10055,2023-09-24 17:43:00,1047,Linda,Johnson,linda.johnson@example.com,204,OFF-CHAI-002,Furniture,3,150.0,0.1,credit_card,pending
TXN-10191,2023-09-26 16:39:00,1011,Barbara,Wilson,barbara.wilson@example.com,206,APP-JEA-002,Apparel,3,60.0,0.0,bank_transfer,completed
TXN-10202,2023-09-28 13:10:00,1013,Susan,Martin,susan.martin@yahoo.com,203,OFF-DESK-001,Furniture,3,350.0,0.0,bank_transfer,completed
TXN-10018,2023-09-29 00:38:00,1021,Mary,Brown,mary.brown@yahoo.com,208,HOME-PLA-002,Home & Garden,1,35.0,0.0,stripe,completed
TXN-10170,2023-09-29 06:24:00,1027,Linda,Johnson,linda.johnson@example.com,208,HOME-PLA-002,Home & Garden,3,35.0,0.0,stripe,completed
TXN-10020,2023-09-30 04:08:00,1043,Patricia,Martinez,patricia.martinez@example.com,208,HOME-PLA-002,Home & Garden,5,35.0,0.0,stripe,refunded
TXN-10239,2023-10-01 02:32:00,1042,John,Miller,john.miller@hotmail.com,203,OFF-DESK-001,Furniture,5,350.0,0.15,paypal,completed
TXN-10210,2023-10-02 00:40:00,1033,Susan,Martin,susan.martin@yahoo.com,204,OFF-CHAI-002,Furniture,2,150.0,0.0,bank_transfer,completed
TXN-10039,2023-10-03 06:32:00,1017,Sarah,Lopez,sarah.lopez@yahoo.com,203,OFF-DESK-001,Furniture,3,350.0,0.0,paypal,completed
TXN-10086,2023-10-03 15:29:00,1028,William,Jones,william.jones@gmail.com,205,APP-TSH-001,Apparel,3,25.0,0.0,credit_card,completed
TXN-10030,2023-10-04 00:05:00,1049,Elizabeth,Davis,elizabeth.davis@yahoo.com,204,OFF-CHAI-002,Furniture,2,150.0,0.1,bank_transfer,completed
TXN-10231,2023-10-05 09:57:00,1020,James,Smith,james.smith@gmail.com,203,OFF-DESK-001,Furniture,2,350.0,0.0,paypal,completed
TXN-10059,2023-10-08 00:19:00,1019,Karen,Moore,karen.moore@example.com,204,OFF-CHAI-002,Furniture,4,150.0,0.15,stripe,completed
TXN-10115,2023-10-09 04:59:00,1019,Karen,Moore,karen.moore@example.com,208,HOME-PLA-002,Home & Garden,4,35.0,0.0,credit_card,pending
TXN-10092,2023-10-09 10:22:00,1045,Jennifer,Thomas,jennifer.thomas@yahoo.com,208,HOME-PLA-002,Home & Garden,3,35.0,0.0,stripe,completed
TXN-10046,2023-10-10 04:27:00,1009,Elizabeth,Davis,elizabeth.davis@yahoo.com,201,TECH-LAP-001,Electronics,3,1200.0,0.0,credit_card,completed
TXN-10233,2023-10-10 04:39:00,1006,Michael,Jackson,michael.jackson@hotmail.com,202,TECH-MOU-002,Electronics,3,45.5,0.1,bank_transfer,refunded
TXN-10203,2023-10-11 03:45:00,1034,Joseph,Williams,joseph.williams@hotmail.com,202,TECH-MOU-002,Electronics,3,45.5,0.0,paypal,completed
TXN-10042,2023-10-11 04:17:00,1019,Karen,Moore,karen.moore@example.com,204,OFF-CHAI-002,Furniture,3,150.0,0.0,stripe,refunded
TXN-10152,2023-10-11 06:37:00,1014,Joseph,Williams,joseph.williams@hotmail.com,204,OFF-CHAI-002,Furniture,3,150.0,0.0,credit_card,completed
TXN-10023,2023-10-11 07:37:00,1015,Jessica,Garcia,jessica.garcia@example.com,201,TECH-LAP-001,Electronics,1,1200.0,0.2,credit_card,completed
TXN-10041,2023-10-11 09:59:00,1043,Patricia,Martinez,patricia.martinez@example.com,202,TECH-MOU-002,Electronics,2,45.5,0.0,credit_card,completed
TXN-10195,2023-10-14 12:41:00,1022,John,Miller,john.miller@hotmail.com,203,OFF-DESK-001,Furniture,5,350.0,0.0,bank_transfer,refunded
TXN-10164,2023-10-15 17:21:00,1043,Patricia,Martinez,patricia.martinez@example.com,202,TECH-MOU-002,Electronics,4,45.5,0.0,bank_transfer,pending
TXN-10185,2023-10-16 18:28:00,1044,Robert,Gonzalez,robert.gonzalez@gmail.com,206,APP-JEA-002,Apparel,3,60.0,0.0,bank_transfer,completed
TXN-10189,2023-10-20 20:12:00,1021,Mary,Brown,mary.brown@yahoo.com,208,HOME-PLA-002,Home & Garden,5,35.0,0.0,credit_card,completed
TXN-10167,2023-10-21 07:51:00,1028,William,Jones,william.jones@gmail.com,201,TECH-LAP-001,Electronics,5,1200.0,0.2,stripe,completed
TXN-10139,2023-10-24 11:46:00,1009,Elizabeth,Davis,elizabeth.davis@yahoo.com,202,TECH-MOU-002,Electronics,3,45.5,0.0,bank_transfer,completed
TXN-10053,2023-10-25 08:02:00,1007,Linda,Johnson,linda.johnson@example.com,207,HOME-MUG-001,Home & Garden,3,12.0,0.2,stripe,completed
TXN-10132,2023-10-26 04:14:00,1030,David,Hernandez,david.hernandez@hotmail.com,205,APP-TSH-001,Apparel,4,25.0,0.0,credit_card,completed
TXN-10181,2023-10-29 12:33:00,1006,Michael,Jackson,michael.jackson@hotmail.com,207,HOME-MUG-001,Home & Garden,3,12.0,0.2,stripe,completed
TXN-10082,2023-10-31 22:53:00,1041,Mary,Brown,mary.brown@yahoo.com,204,OFF-CHAI-002,Furniture,1,150.0,0.2,stripe,pending
TXN-10036,2023-11-01 01:39:00,1006,Michael,Jackson,michael.jackson@hotmail.com,207,HOME-MUG-001,Home & Garden,5,12.0,0.15,stripe,completed
TXN-10083,2023-11-04 03:50:00,1037,Sarah,Lopez,sarah.lopez@yahoo.com,201,TECH-LAP-001,Electronics,3,1200.0,0.15,bank_transfer,pending
TXN-10021,2023-11-07 13:13:00,1035,Jessica,Garcia,jessica.garcia@example.com,204,OFF-CHAI-002,Furniture,3,150.0,0.1,stripe,completed
TXN-10054,2023-11-07 16:07:00,1025,Jennifer,Thomas,jennifer.thomas@yahoo.com,204,OFF-CHAI-002,Furniture,3,150.0,0.0,bank_transfer,completed
TXN-10116,2023-11-08 07:45:00,1011,Barbara,Wilson,barbara.wilson@example.com,205,APP-TSH-001,Apparel,5,25.0,0.0,bank_transfer,completed
TXN-10200,2023-11-09 09:48:00,1048,William,Jones,william.jones@gmail.com,208,HOME-PLA-002,Home & Garden,2,35.0,0.15,paypal,completed
TXN-10229,2023-11-10 09:44:00,1032,Richard,Taylor,richard.taylor@gmail.com,204,OFF-CHAI-002,Furniture,1,150.0,0.0,credit_card,completed
TXN-10211,2023-11-11 11:15:00,1037,Sarah,Lopez,sarah.lopez@yahoo.com,207,HOME-MUG-001,Home & Garden,2,12.0,0.2,credit_card,refunded
TXN-10006,2023-11-13 11:36:00,1013,Susan,Martin,susan.martin@yahoo.com,202,TECH-MOU-002,Electronics,1,45.5,0.2,paypal,completed
TXN-10101,2023-11-14 01:39:00,1048,William,Jones,william.jones@gmail.com,202,TECH-MOU-002,Electronics,2,45.5,0.2,paypal,completed
TXN-10199,2023-11-16 05:46:00,1029,Elizabeth,Davis,elizabeth.davis@yahoo.com,201,TECH-LAP-001,Electronics,4,1200.0,0.0,paypal,completed
TXN-10126,2023-11-16 22:25:00,1042,John,Miller,john.miller@hotmail.com,202,TECH-MOU-002,Electronics,3,45.5,0.2,bank_transfer,completed
TXN-10127,2023-11-17 22:56:00,1049,Elizabeth,Davis,elizabeth.davis@yahoo.com,208,HOME-PLA-002,Home & Garden,5,35.0,0.0,credit_card,completed
TXN-10128,2023-11-20 21:58:00,1019,Karen,Moore,karen.moore@example.com,204,OFF-CHAI-002,Furniture,1,150.0,0.1,credit_card,pending
TXN-10242,2023-11-24 00:31:00,1041,Mary,Brown,mary.brown@yahoo.com,205,APP-TSH-001,Apparel,3,25.0,0.1,paypal,pending
TXN-10000,2023-11-24 03:01:00,1048,William,Jones,william.jones@gmail.com,205,APP-TSH-001,Apparel,2,25.0,0.0,paypal,pending
TXN-10179,2023-11-24 13:18:00,1008,William,Jones,william.jones@gmail.com,207,HOME-MUG-001,Home & Garden,1,12.0,0.0,paypal,refunded
TXN-10151,2023-11-24 19:01:00,1004,Robert,Gonzalez,robert.gonzalez@gmail.com,206,APP-JEA-002,Apparel,2,60.0,0.0,paypal,completed
TXN-10052,2023-11-25 16:25:00,1044,Robert,Gonzalez,robert.gonzalez@gmail.com,206,APP-JEA-002,Apparel,1,60.0,0.0,stripe,completed
TXN-10157,2023-11-26 00:03:00,1031,Barbara,Wilson,barbara.wilson@example.com,207,HOME-MUG-001,Home & Garden,4,12.0,0.2,credit_card,completed
TXN-10075,2023-11-26 13:08:00,1030,David,Hernandez,david.hernandez@hotmail.com,203,OFF-DESK-001,Furniture,1,350.0,0.0,bank_transfer,completed
TXN-10188,2023-11-27 02:39:00,1039,Karen,Moore,karen.moore@example.com,207,HOME-MUG-001,Home & Garden,4,12.0,0.15,credit_card,completed
TXN-10038,2023-11-27 09:29:00,1021,Mary,Brown,mary.brown@yahoo.com,202,TECH-MOU-002,Electronics,1,45.5,0.1,credit_card,completed
TXN-10218,2023-11-28 06:18:00,1023,Patricia,Martinez,patricia.martinez@example.com,201,TECH-LAP-001,Electronics,3,1200.0,0.0,credit_card,completed
TXN-10148,2023-12-02 03:53:00,1032,Richard,Taylor,richard.taylor@gmail.com,207,HOME-MUG-001,Home & Garden,3,12.0,0.0,stripe,completed
TXN-10064,2023-12-02 22:00:00,1049,Elizabeth,Davis,elizabeth.davis@yahoo.com,202,TECH-MOU-002,Electronics,4,45.5,0.0,paypal,pending
TXN-10166,2023-12-03 15:14:00,1007,Linda,Johnson,linda.johnson@example.com,206,APP-JEA-002,Apparel,5,60.0,0.0,credit_card,completed
TXN-10214,2023-12-03 20:06:00,1050,David,Hernandez,david.hernandez@hotmail.com,206,APP-JEA-002,Apparel,2,60.0,0.0,stripe,refunded
TXN-10240,2023-12-04 19:46:00,1039,Karen,Moore,karen.moore@example.com,206,APP-JEA-002,Apparel,5,60.0,0.0,credit_card,completed
TXN-10138,2023-12-04 21:53:00,1009,Elizabeth,Davis,elizabeth.davis@yahoo.com,202,TECH-MOU-002,Electronics,1,45.5,0.0,bank_transfer,completed
TXN-10102,2023-12-05 02:10:00,1016,Thomas,Rodriguez,thomas.rodriguez@gmail.com,203,OFF-DESK-001,Furniture,5,350.0,0.0,paypal,completed
TXN-10222,2023-12-05 09:19:00,1029,Elizabeth,Davis,elizabeth.davis@yahoo.com,207,HOME-MUG-001,Home & Garden,2,12.0,0.2,bank_transfer,completed
TXN-10112,2023-12-06 12:52:00,1049,Elizabeth,Davis,elizabeth.davis@yahoo.com,201,TECH-LAP-001,Electronics,4,1200.0,0.0,stripe,completed
TXN-10058,2023-12-07 12:43:00,1048,William,Jones,william.jones@gmail.com,203,OFF-DESK-001,Furniture,5,350.0,0.15,stripe,completed
TXN-10066,2023-12-08 16:35:00,1039,Karen,Moore,karen.moore@example.com,206,APP-JEA-002,Apparel,4,60.0,0.15,bank_transfer,refunded
TXN-10224,2023-12-10 20:25:00,1024,Robert,Gonzalez,robert.gonzalez@gmail.com,203,OFF-DESK-001,Furniture,1,350.0,0.0,bank_transfer,completed
TXN-10193,2023-12-14 12:18:00,1017,Sarah,Lopez,sarah.lopez@yahoo.com,203,OFF-DESK-001,Furniture,3,350.0,0.0,paypal,completed
TXN-10174,2023-12-14 21:37:00,1032,Richard,Taylor,richard.taylor@gmail.com,205,APP-TSH-001,Apparel,1,25.0,0.0,bank_transfer,refunded
TXN-10131,2023-12-16 05:10:00,1012,Richard,Taylor,richard.taylor@gmail.com,202,TECH-MOU-002,Electronics,5,45.5,0.1,paypal,completed
TXN-10070,2023-12-22 04:45:00,1014,Joseph,Williams,joseph.williams@hotmail.com,202,TECH-MOU-002,Electronics,4,45.5,0.1,stripe,refunded
TXN-10129,2023-12-27 03:28:00,1011,Barbara,Wilson,barbara.wilson@example.com,205,APP-TSH-001,Apparel,1,25.0,0.0,stripe,completed
TXN-10177,2023-12-27 07:32:00,1036,Thomas,Rodriguez,thomas.rodriguez@gmail.com,206,APP-JEA-002,Apparel,1,60.0,0.1,credit_card,completed
TXN-10118,2023-12-28 08:26:00,1031,Barbara,Wilson,barbara.wilson@example.com,208,HOME-PLA-002,Home & Garden,2,35.0,0.1,paypal,completed
TXN-10104,2023-12-28 09:44:00,1030,David,Hernandez,david.hernandez@hotmail.com,202,TECH-MOU-002,Electronics,2,45.5,0.0,paypal,completed
TXN-10158,2023-12-31 14:04:00,1006,Michael,Jackson,michael.jackson@hotmail.com,206,APP-JEA-002,Apparel,5,60.0,0.0,credit_card,completed
